"seed","id","X","Z","A1","Y1","A2","Y2","Time1","Time2"
318046.284832953,1,0.902981739917313,0,1,-0.224640224321925,1,4.10186985224157,0,0
318046.284832953,2,-0.257272290770593,0,0,0.895656032781416,0,1.50388024419635,0,0
318046.284832953,3,0.58517499892195,0,0,0.867929075050827,1,2.68153411892357,0,0
318046.284832953,4,-1.11384655369354,0,1,-1.59666331958158,0,1.73665739344819,0,0
318046.284832953,5,0.227361120036713,0,0,0.582251777665084,0,3.95113733506415,0,0
318046.284832953,6,-0.230612617069292,0,0,-0.804822462655512,0,4.92408306149649,0,0
318046.284832953,7,0.0858425581087667,1,1,0.620494029958559,0,3.02627637797502,0,0
318046.284832953,8,0.190473511846246,0,1,-0.694630765831778,1,4.94982101099844,0,0
318046.284832953,9,1.63849882829181,0,1,-0.192401593126067,1,4.28116636691688,0,0
318046.284832953,10,0.361783262464859,1,0,-1.20659847552263,1,6.65706026334139,0,0
318046.284832953,11,-0.39285719606777,1,1,-2.21318911629104,1,3.82305337205206,0,0
318046.284832953,12,0.0469809724787358,1,0,0.751420632059661,0,3.34970381224286,0,0
318046.284832953,13,1.91320329357648,0,1,-0.136734273298878,1,3.4605705707733,0,0
318046.284832953,14,2.04736853418015,1,0,1.04012006226095,1,5.31740106829948,0,0
318046.284832953,15,-1.22552196940968,1,0,1.10240432039121,0,1.60218581926257,0,0
318046.284832953,16,-0.968316841065973,0,0,-0.606753153301552,1,5.72024443661251,0,0
318046.284832953,17,-0.786013997102876,1,1,-0.550701569267047,1,4.45552104238358,0,0
318046.284832953,18,-0.454053442327748,0,1,-0.472373110916115,1,4.75700169145178,0,0
318046.284832953,19,1.1371633243901,1,0,0.748946743757651,1,4.70809149643527,0,0
318046.284832953,20,0.654873597572491,0,0,2.01557865900911,1,-0.187432780765058,0,0
318046.284832953,21,-0.611464362944394,0,0,-1.77630972026448,0,0.755940260231785,0,0
318046.284832953,22,-0.951078290282144,1,1,-1.75319958064393,0,3.50542312225518,0,0
318046.284832953,23,-0.484276657057135,1,0,-1.27079134872901,0,4.05019787741832,0,0
318046.284832953,24,0.710528432485403,1,1,0.742227179080661,1,5.05917645118534,0,0
318046.284832953,25,0.910984554879427,0,0,1.14580479445306,1,3.56115474185094,0,0
318046.284832953,26,0.648098909028347,0,1,0.426070923810174,1,2.84312626110907,0,0
318046.284832953,27,2.51223202856727,1,1,2.17647621145349,1,-0.754473361526423,0,0
318046.284832953,28,0.54307656724834,1,1,-0.236750569500657,0,4.85175138101458,0,0
318046.284832953,29,1.28356836579317,0,1,-0.548357432221861,0,2.8252470139615,0,0
318046.284832953,30,-0.766011975693001,0,1,-1.93555721440383,1,4.47836173280333,0,0
318046.284832953,31,0.191324181975466,1,0,3.38894875965775,1,-9.12176625475571,0,0
318046.284832953,32,-0.842782107562228,1,1,-0.0471396598990621,1,4.83586623959874,0,0
318046.284832953,33,-1.15038193128722,1,0,0.183238223464624,0,3.84042337859608,0,0
318046.284832953,34,-0.684153407632822,0,0,-1.15923653889815,0,3.66419006031577,0,0
318046.284832953,35,-0.785198237852993,1,1,0.056090290521148,1,6.7823957520959,0,0
318046.284832953,36,-0.312590526853639,0,0,-0.097439070119075,0,2.37848389770648,0,0
318046.284832953,37,-1.05852248736197,1,1,-0.574250036569822,0,4.55075227047217,0,0
318046.284832953,38,-0.211200596679033,0,0,0.071301646041856,0,3.2023449035436,0,0
318046.284832953,39,-0.920951579390413,1,1,-1.28457983139609,0,2.21631590091489,0,0
318046.284832953,40,0.361890059550979,0,1,-3.00531701541168,0,-2.04231333046438,0,0
318046.284832953,41,1.68401684343229,1,1,2.98959782796526,0,-8.19766447072732,0,0
318046.284832953,42,1.80366125299868,1,0,1.12192925871692,1,3.83004261553839,0,0
318046.284832953,43,-0.255886709659958,0,1,-2.16270797646901,0,-0.13326496172074,0,0
318046.284832953,44,-0.179104397912445,1,0,0.662713696355342,1,7.97711800460401,0,0
318046.284832953,45,-0.762060197371902,0,0,-1.54910403651028,1,4.3483283681863,0,0
318046.284832953,46,0.965394529320581,1,0,2.69561795595964,1,-1.21296728542067,0,0
318046.284832953,47,0.268759021977272,0,1,-0.562458132127947,1,5.22408887313698,0,0
318046.284832953,48,0.264646465467891,1,0,1.54370386217166,0,0.149127029421845,0,0
318046.284832953,49,-0.393758631420775,0,0,-1.02854743862361,1,5.62269787815922,0,0
318046.284832953,50,1.30661340439204,0,0,-0.490029073039705,1,5.44158306147218,0,0
318046.284832953,51,-0.543120040684149,0,1,-0.533424725197855,1,4.292593587049,0,0
318046.284832953,52,-0.336241968048992,0,1,-0.550327380384249,1,4.26547934994844,0,0
318046.284832953,53,-2.11589315713616,0,1,-1.70721310876549,1,2.33992743143798,0,0
318046.284832953,54,-0.125761456558994,1,0,0.824439692388099,0,1.39885835999879,0,0
318046.284832953,55,0.723614318794965,0,0,0.57729411792678,1,2.84666130905999,0,0
318046.284832953,56,-0.36126663870279,0,0,0.523371245400139,1,5.96441539145009,0,0
318046.284832953,57,0.420041374146352,1,0,1.21435795580635,0,1.70924478729319,0,0
318046.284832953,58,0.166079397808991,1,0,1.20389263883787,0,0.129283821507537,0,0
318046.284832953,59,-0.0346059217993586,0,1,0.0609664039286419,1,3.22784068095576,0,0
318046.284832953,60,-1.23229590332118,1,1,-2.03744630139459,0,2.4514238745985,0,0
318046.284832953,61,0.322162747886478,1,0,-0.667097884161328,0,5.64311391695117,0,0
318046.284832953,62,0.118209257519027,1,1,-2.79887199053646,1,0.676557705546131,0,0
318046.284832953,63,0.0510091284937284,0,1,0.526347101629214,0,2.18912614384679,0,0
318046.284832953,64,1.26308237721776,1,0,0.486743648615152,1,5.65949458371073,0,0
318046.284832953,65,0.208000954805769,0,1,0.308039762203636,1,6.5511700172988,0,0
318046.284832953,66,0.0261653734240605,0,1,-2.2347771712457,0,0.329699296111707,0,0
318046.284832953,67,0.128166233629124,1,1,-1.1550678636285,0,4.14820198182074,0,0
318046.284832953,68,1.8453635992738,0,0,1.08569939938976,1,-0.703072739385051,0,0
318046.284832953,69,0.843197970614333,0,0,-1.52304206606457,0,1.94547367579997,0,0
318046.284832953,70,-0.289350963685835,0,1,-1.79809716201345,1,2.74789477495657,0,0
318046.284832953,71,-0.485138859912057,1,0,-1.18543049185372,1,5.41198771916914,0,0
318046.284832953,72,0.832208284282664,0,1,-0.638053164524453,0,4.11571168617269,0,0
318046.284832953,73,-0.0441704429692294,0,1,-1.60610334487453,1,4.90918099700209,0,0
318046.284832953,74,-0.884416013393989,1,1,-3.00053891782778,1,-0.317438662545595,0,0
318046.284832953,75,0.668066397449416,0,1,-0.185156501407389,0,2.24757872237738,0,0
318046.284832953,76,-0.713293811826042,1,1,-0.327355948830808,1,6.01605406815696,0,0
318046.284832953,77,-0.820386461336832,1,0,-0.427326274393765,1,7.03738193587566,0,0
318046.284832953,78,0.116234293304339,1,0,1.40623187370585,1,4.15423237115654,0,0
318046.284832953,79,-0.801477194150297,0,0,-0.25269869375284,0,3.93252175315748,0,0
318046.284832953,80,-0.946697144404232,0,1,2.74606757853929,1,-6.94538760282493,0,0
318046.284832953,81,0.502901022140016,0,0,-0.118292936957581,1,3.37139135362862,0,0
318046.284832953,82,1.71731314326024,1,0,1.92691839304814,1,1.61372297984885,0,0
318046.284832953,83,-0.360143913444338,0,1,-0.855229257185247,1,4.23315942461168,0,0
318046.284832953,84,0.840780448420378,1,0,1.87087724109371,1,1.39297693313114,0,0
318046.284832953,85,1.79889058463371,0,0,0.359927006767456,0,2.63326300174301,0,0
318046.284832953,86,-1.22186787014733,1,1,-1.56375178754993,1,7.08216442401543,0,0
318046.284832953,87,0.445280342598315,0,1,-0.0229786465752198,0,3.51701459277906,0,0
318046.284832953,88,0.32085354230085,1,1,-0.730486006972157,1,7.27095552889132,0,0
318046.284832953,89,-0.828482280817009,1,1,-1.25300970857241,0,2.71034247308054,0,0
318046.284832953,90,-1.21376867769115,1,1,-1.69952032232205,1,4.85204779418251,0,0
318046.284832953,91,1.00486460433984,0,1,0.496947057928439,0,3.34340765744467,0,0
318046.284832953,92,-0.611526654022399,1,0,0.990115675252425,0,1.85559331057705,0,0
318046.284832953,93,0.377578785682176,0,0,0.665197732610478,0,3.91097209370848,0,0
318046.284832953,94,0.0708914885372966,0,1,0.161495625378703,1,3.70523719947232,0,0
318046.284832953,95,0.952416264971949,0,0,1.10462800899805,1,3.49854925652495,0,0
318046.284832953,96,0.305017137600818,0,0,-0.441439338745632,0,2.79172615040399,0,0
318046.284832953,97,1.25978943831394,0,0,0.626093017271192,1,3.93565070300662,0,0
318046.284832953,98,-0.134777837450075,0,0,-0.295236559316419,0,2.23434283305837,0,0
318046.284832953,99,-0.239514964174047,0,0,-0.283107220007288,0,4.41251656871514,0,0
318046.284832953,100,-0.642812067245222,0,1,-1.58363730566592,1,4.48714764101998,0,0
318046.284832953,101,-0.250584378754026,0,0,0.546594323434176,0,1.49367565606303,0,0
318046.284832953,102,-1.9211658027898,1,0,0.147324587775787,0,4.18764701066298,0,0
318046.284832953,103,0.591652828892127,1,1,-0.372559300375092,1,4.68877327222125,0,0
318046.284832953,104,-0.0444801149834739,0,0,-0.0480603275176658,1,4.11446001047154,0,0
318046.284832953,105,-1.62238867172748,1,1,-1.62596585634262,1,4.66540369064814,0,0
318046.284832953,106,0.547620450820412,0,1,-1.54740462999222,1,3.25586864170216,0,0
318046.284832953,107,1.89572501204915,0,1,-0.618171620404818,1,4.69838628807976,0,0
318046.284832953,108,0.106671503926266,1,1,-0.482838430276283,0,4.41810948248083,0,0
318046.284832953,109,1.96339379271198,1,1,1.10700273853291,1,3.77498660134634,0,0
318046.284832953,110,1.29168846808747,0,0,1.78762028598349,1,2.22516260030619,0,0
318046.284832953,111,-1.25997965537263,1,1,-0.831667652605647,0,4.67706123940037,0,0
318046.284832953,112,-0.251168259636022,0,0,0.0675652791342216,0,4.16846070343692,0,0
318046.284832953,113,-0.423636849632969,1,0,0.22723177776946,1,5.29075221238876,0,0
318046.284832953,114,-0.862061956728112,0,0,-3.03326309367111,0,-2.83539897356912,0,0
318046.284832953,115,1.45464662223243,0,0,1.85916921983671,0,-2.23927938103426,0,0
318046.284832953,116,1.090030198458,1,0,1.90110573653942,1,0.118771502064837,0,0
318046.284832953,117,0.395031412496622,0,1,-0.803929607342017,1,4.87826744501136,0,0
318046.284832953,118,0.0628899986285139,1,1,-1.39051559316608,1,5.78767499018198,0,0
318046.284832953,119,-0.595297744588178,0,1,-1.36261521657635,1,5.56159285324412,0,0
318046.284832953,120,-2.26386474118703,0,1,-2.26046954369478,0,0.599991513563931,0,0
318046.284832953,121,-2.14504562003306,0,0,-1.8608529523213,0,1.06417350795987,0,0
318046.284832953,122,0.417154370686649,0,0,1.21082489626173,1,1.64553921209479,0,0
318046.284832953,123,0.989456995052874,0,1,1.35126662387513,1,1.69642923401717,0,0
318046.284832953,124,-1.78234878058233,0,1,-2.2584504674361,1,2.10751507012302,0,0
318046.284832953,125,1.56834146727928,0,0,1.48403912433377,1,-0.301714090124297,0,0
318046.284832953,126,-0.759505987136912,1,1,-0.42616301187164,0,3.41941779026844,0,0
318046.284832953,127,-0.105146535005398,0,1,-1.42136202737191,1,5.71320300139756,0,0
318046.284832953,128,-1.61571468155111,0,1,-3.35217784821295,0,-5.3106688769641,0,0
318046.284832953,129,2.34204938086182,1,1,2.13218225302692,1,-1.38138061464086,0,0
318046.284832953,130,-0.651025021715056,0,0,0.710065074823277,0,2.13439606899438,0,0
318046.284832953,131,-1.25272246102068,0,1,-1.38638378793155,1,4.96642988459872,0,0
318046.284832953,132,1.46544568692074,1,1,0.363403219604574,1,4.05754470361737,0,0
318046.284832953,133,-0.491154269113968,0,1,-2.81309428265164,0,-1.32918411825486,0,0
318046.284832953,134,-0.671800045780185,1,1,-2.9584348160853,0,-2.76816275592013,0,0
318046.284832953,135,1.07022704497641,1,0,0.205813537628284,1,6.55471929260005,0,0
318046.284832953,136,0.558595140801846,0,1,-0.21354450398063,0,3.26670863452169,0,0
318046.284832953,137,-0.484840491101225,0,1,-1.27504993375829,0,3.81712792083579,0,0
318046.284832953,138,-0.597587464600514,0,0,-0.86489085928542,1,5.59392387408827,0,0
318046.284832953,139,2.6929611376015,0,1,0.024379116586301,0,0.862130266875512,0,0
318046.284832953,140,0.493667119504131,0,0,1.83338244982092,1,0.958616565787239,0,0
318046.284832953,141,0.344318752431419,0,0,-0.915761865515108,0,3.09865726034832,0,0
318046.284832953,142,-0.642914577125435,1,1,-1.57237911970544,1,4.51959319327434,0,0
318046.284832953,143,0.0552432229885784,0,0,-1.05251444721038,0,2.227782162272,0,0
318046.284832953,144,-0.249516648534156,0,1,-1.08160213039216,1,4.37013238059808,0,0
318046.284832953,145,0.696219312559713,0,0,-1.32709921628119,1,5.30447031375227,0,0
318046.284832953,146,-0.451487713281644,1,1,0.0284381546857586,0,5.53976670492055,0,0
318046.284832953,147,-0.128700394425316,0,1,0.0637759711644004,0,3.59380347908133,0,0
318046.284832953,148,0.580633235798216,0,0,-0.329890462059187,1,5.46528985330968,0,0
318046.284832953,149,0.675660964169057,0,0,-0.993235456599912,0,3.25840232402325,0,0
318046.284832953,150,0.587652050961697,0,1,-0.338913680782868,1,4.10588961633516,0,0
318046.284832953,151,0.481863125610614,1,0,-1.38847651266332,0,3.49735611390511,0,0
318046.284832953,152,-1.14429565926652,1,1,-0.642733169954102,1,5.55944259269664,0,0
318046.284832953,153,-0.571556701656974,0,0,-1.2852273539494,1,4.45155690446452,0,0
318046.284832953,154,1.39866340347289,0,0,1.70366733773963,1,-0.458044043299179,0,0
318046.284832953,155,-0.896635058206618,0,0,0.263503493704389,0,3.2652290293526,0,0
318046.284832953,156,0.0157478516281903,0,0,0.592868233127692,1,4.21921389556379,0,0
318046.284832953,157,0.443544301169154,0,1,-0.807449833191296,1,7.16733045035807,0,0
318046.284832953,158,-1.06499355493134,0,1,0.0816218008086236,0,2.58638192687143,0,0
318046.284832953,159,-0.125165795021539,0,1,-3.08586985001702,0,-1.78912136291415,0,0
318046.284832953,160,0.618499293977557,0,0,0.562683920662409,0,2.43467287569853,0,0
318046.284832953,161,1.89738038466294,0,0,1.33774827391133,1,2.74035771372063,0,0
318046.284832953,162,1.25825497769573,1,1,-0.179834134188468,0,5.65679971512499,0,0
318046.284832953,163,0.921837711013002,1,1,1.1584416611034,0,1.29207194094516,0,0
318046.284832953,164,-0.149114545119832,1,1,-1.53142185382385,1,3.44617741824879,0,0
318046.284832953,165,1.78709322781364,0,0,1.26896105187902,0,-0.867640750008425,0,0
318046.284832953,166,0.0604049207114598,0,0,0.716838731151918,0,1.24111867000031,0,0
318046.284832953,167,-0.474719246759161,1,1,-0.520724453831546,1,4.57077415062671,0,0
318046.284832953,168,-0.708249141950457,0,0,-1.89382986360813,1,2.70344410932012,0,0
318046.284832953,169,-0.650341858670788,0,1,-0.804828858424601,1,5.11976190814664,0,0
318046.284832953,170,-1.24161442148532,1,0,2.04865566424309,1,-0.0332870576105621,0,0
318046.284832953,171,0.581467352585436,1,1,-0.287716118329932,1,7.40235778694385,0,0
318046.284832953,172,-0.584057457235678,0,1,0.576239958350063,0,2.0210650407098,0,0
318046.284832953,173,-0.0293087876319821,0,1,-1.72390506631823,1,2.91433201303438,0,0
318046.284832953,174,-0.230531243245937,0,0,-0.303480715548009,1,6.70000589277578,0,0
318046.284832953,175,-0.69643061093122,0,1,-2.34955404465949,1,3.82147670164589,0,0
318046.284832953,176,-0.877141867434599,1,1,-0.0185296375751729,0,3.84675773511732,0,0
318046.284832953,177,0.603299859448435,1,0,2.70730852891643,1,-5.49091047215996,0,0
318046.284832953,178,0.164236315291227,1,0,0.718395016368967,0,3.0679553432357,0,0
318046.284832953,179,2.20308461997384,0,1,-0.104505138951229,0,4.64196957207242,0,0
318046.284832953,180,-0.278963651225219,1,0,0.245398203572217,0,4.9720113157698,0,0
318046.284832953,181,0.586618370777068,0,0,-0.328374188427938,1,4.80240069500396,0,0
318046.284832953,182,-0.234991581948785,0,1,0.0707441432084843,0,4.53331531630774,0,0
318046.284832953,183,-1.5576785881844,1,1,-2.2900987573332,1,3.52781382597554,0,0
318046.284832953,184,-0.712039749544919,1,0,-0.238422890942927,0,4.71780245303481,0,0
318046.284832953,185,-0.0247393911396081,0,1,-0.994324916033834,0,2.38461552298276,0,0
318046.284832953,186,-0.568887271751344,0,0,0.649856867583408,1,2.0439678829541,0,0
318046.284832953,187,-2.65853980535801,0,1,-4.24509287160843,0,-8.87865733548349,0,0
318046.284832953,188,-1.61666142898795,0,1,-3.37264371285822,0,-5.49900844792584,0,0
318046.284832953,189,0.0179943681378357,0,0,-2.24114421289998,1,0.397393754290803,0,0
318046.284832953,190,-0.686714050881572,0,1,-3.03783154790962,1,-0.389370920668953,0,0
318046.284832953,191,1.70999975562338,0,1,0.800022671897419,1,3.41997876125107,0,0
318046.284832953,192,-0.572711002008232,0,0,1.22256855672947,0,-1.39538148636977,0,0
318046.284832953,193,-0.307041715616386,0,1,-0.225817669494375,1,4.07028179808625,0,0
318046.284832953,194,-0.668802002625119,0,1,-3.07971332487851,1,-0.88319997409046,0,0
318046.284832953,195,-1.61952094936079,1,1,-2.54060409202973,0,0.430916811015899,0,0
318046.284832953,196,-0.145276180022304,1,1,-2.2166930064912,0,1.14409478915014,0,0
318046.284832953,197,-0.194198860304006,0,0,-0.0363486455707055,1,5.72318826781651,0,0
318046.284832953,198,-0.022842896448636,0,1,0.760285879092709,1,4.2791352913772,0,0
318046.284832953,199,0.110748062043806,1,1,-0.310612904283703,0,5.18443032520918,0,0
318046.284832953,200,0.777708895712538,1,0,1.97769493058293,0,-2.62627973803535,0,0
318046.284832953,201,-0.495267657965601,0,1,0.259600466440609,0,2.57034833567181,0,0
318046.284832953,202,0.0206085011281741,0,1,-1.22470844308119,1,5.04802443549892,0,0
318046.284832953,203,0.152202308618451,1,1,-0.941121989679384,0,4.41947678009352,0,0
318046.284832953,204,0.0662920276177276,1,0,-0.139130231404471,0,3.08689039910691,0,0
318046.284832953,205,0.0767130994621811,0,1,-1.68176670639026,0,1.44768875810945,0,0
318046.284832953,206,-3.51908838653159,0,1,-2.81869336218695,0,-0.253225262933105,0,0
318046.284832953,207,0.333932315676732,0,0,-1.46448381883944,1,4.33221742473459,0,0
318046.284832953,208,-0.815004368198062,1,1,-1.38012447600313,1,6.78481264692387,0,0
318046.284832953,209,0.183868066630848,0,1,-1.75610670902028,1,3.06290828774557,0,0
318046.284832953,210,-0.413658768697089,0,0,-1.80165219727692,0,0.899662122507254,0,0
318046.284832953,211,0.0668671786320463,1,0,1.49788295799464,0,-0.376482390085258,0,0
318046.284832953,212,0.0328713990821406,0,0,0.671184314939608,0,3.53922030870183,0,0
318046.284832953,213,-0.085272707106441,1,0,-0.140531959368774,0,3.82799564247636,0,0
318046.284832953,214,-0.343855839999498,1,0,-1.40314084374299,0,3.64023138571078,0,0
318046.284832953,215,-1.84911812316611,1,1,-1.83256129183441,0,3.5274609282383,0,0
318046.284832953,216,1.44835175719684,1,1,1.44204248389317,1,2.56725354093331,0,0
318046.284832953,217,-0.0524395456031206,0,0,-1.08501147445439,0,0.720566117363111,0,0
318046.284832953,218,0.0422695040759716,1,1,0.0214854952378491,1,6.01020408731413,0,0
318046.284832953,219,-1.26887360229268,1,1,0.0489822839370937,0,3.89444794503167,0,0
318046.284832953,220,-1.18414606323186,0,1,-1.30022474619904,1,5.99706278358141,0,0
318046.284832953,221,-0.790301415927807,0,1,-1.29784179307669,0,1.91333693937149,0,0
318046.284832953,222,0.697393753878661,1,0,-0.106558552782158,1,5.24191446533966,0,0
318046.284832953,223,0.291491405821589,0,1,-1.05597336180645,1,6.44777851296966,0,0
318046.284832953,224,0.339284628404066,0,1,-0.280998845059588,1,2.84556849158515,0,0
318046.284832953,225,1.26832914927351,0,1,-0.174006366267093,1,4.20828064239963,0,0
318046.284832953,226,-0.0916130419539289,0,0,1.42865333274864,0,-0.3987271213157,0,0
318046.284832953,227,-0.667364325696365,0,0,-1.61894833801259,1,4.18735021972266,0,0
318046.284832953,228,0.032274284820796,1,1,-0.690798760088524,1,5.74348509162824,0,0
318046.284832953,229,-0.847503982551907,0,0,-0.751720422535429,0,3.5265593013233,0,0
318046.284832953,230,-1.29452185090974,0,1,-0.874053038890299,0,2.69742334554621,0,0
318046.284832953,231,0.903588271848747,0,0,-0.4231571374226,1,3.74976734783286,0,0
318046.284832953,232,-1.52380394856178,1,1,-2.22624163242168,1,2.38242478988615,0,0
318046.284832953,233,-0.276398948275728,0,1,-0.611254073584527,0,4.00951522920645,0,0
318046.284832953,234,-0.431969257291691,1,0,-0.0138603074763271,0,3.87113604092599,0,0
318046.284832953,235,0.711111443532311,0,0,1.66241839572816,1,2.96865781444494,0,0
318046.284832953,236,-0.287726816332729,1,0,0.297491206558107,0,3.96213176510415,0,0
318046.284832953,237,-0.378493402156243,0,1,-1.64166403587959,1,4.80423372768947,0,0
318046.284832953,238,-0.417951483903844,0,0,-1.88410685579573,0,1.13069940831093,0,0
318046.284832953,239,-0.433758004466509,0,1,-1.86174374690227,1,2.42742881934332,0,0
318046.284832953,240,-0.720877349125059,0,1,0.301679898798443,1,4.63113238257043,0,0
318046.284832953,241,0.258092149743684,1,1,-0.723198691019396,0,4.99129250034581,0,0
318046.284832953,242,0.617573960992335,0,0,-0.145244708800154,0,1.64769059928498,0,0
318046.284832953,243,0.64741886040733,0,0,0.376188966850453,1,5.83089470766951,0,0
318046.284832953,244,-0.706078521077354,0,1,0.022259107190203,0,3.30456250708049,0,0
318046.284832953,245,-0.618324259896559,1,1,0.360783591215208,1,5.52565885626762,0,0
318046.284832953,246,1.22679278215397,0,1,-0.333233661614858,1,3.61496990708592,0,0
318046.284832953,247,-0.525314938753942,1,1,1.28225171966209,0,0.979592142187762,0,0
318046.284832953,248,-0.277902471766435,1,1,-2.36645778406639,1,1.68387871396789,0,0
318046.284832953,249,1.22973874409335,0,1,0.621304117405374,1,3.22943380592825,0,0
318046.284832953,250,0.575571490698175,1,1,0.489655241889227,1,5.27650063013407,0,0
318046.284832953,251,-0.122646054819967,0,1,-0.253184837693675,1,4.80438236542127,0,0
318046.284832953,252,-0.385428511708425,0,1,-0.590646252507018,1,5.25344785254885,0,0
318046.284832953,253,-1.34399032121148,0,1,-1.04207716160767,0,3.40817302483904,0,0
318046.284832953,254,1.61680929820906,0,0,0.662232991937749,0,0.603473782488419,0,0
318046.284832953,255,-1.19362949765884,0,1,-0.206208319242641,0,2.97647914195086,0,0
318046.284832953,256,0.504248817771098,1,0,1.86365876992811,1,3.00196043965084,0,0
318046.284832953,257,0.0410127335531748,1,1,-2.15149123588929,0,3.40697869802005,0,0
318046.284832953,258,-1.21709479928958,1,1,-2.0015339331336,0,1.35013761416577,0,0
318046.284832953,259,-0.658452868330141,1,0,1.67853826437276,0,1.63900404125696,0,0
318046.284832953,260,-1.01282039816167,0,0,-1.55465175651754,0,3.62990277471608,0,0
318046.284832953,261,0.789351507411139,0,1,-1.11238299186878,0,2.13031188916206,0,0
318046.284832953,262,-1.8862524466206,0,1,-1.52682342475405,1,3.73443671116811,0,0
318046.284832953,263,1.63294428129465,1,0,0.757662798686487,1,3.60492200286652,0,0
318046.284832953,264,0.852593253330991,0,1,-0.738163376719536,1,5.63291754236258,0,0
318046.284832953,265,0.495531808533084,0,1,1.90254288927341,0,-2.00826972680528,0,0
318046.284832953,266,-0.107141613856316,0,1,0.153365475319417,0,3.7724707448634,0,0
318046.284832953,267,-1.67637001589842,0,0,-1.40052034991351,0,0.0381497098842503,0,0
318046.284832953,268,-0.212706148070461,0,0,-0.865306938269797,0,3.0485042145358,0,0
318046.284832953,269,-0.438959804216897,0,1,-1.06377418975799,0,3.18440773534801,0,0
318046.284832953,270,1.40198081354576,0,0,1.10834886238088,0,1.62006164567423,0,0
318046.284832953,271,-0.881047717518393,0,0,1.52766101527807,0,-2.54160488362711,0,0
318046.284832953,272,0.458808936787947,0,0,-0.0501203331789938,1,6.30314989939727,0,0
318046.284832953,273,0.377120809199892,1,0,0.341940260398078,0,3.55562880887319,0,0
318046.284832953,274,1.31509140242375,1,0,0.30630290593774,0,4.22244443898859,0,0
318046.284832953,275,1.35565704688889,1,0,1.90246065064409,0,-0.171306500498128,0,0
318046.284832953,276,-1.20691241200247,0,1,-1.17572208375636,1,5.07208780635365,0,0
318046.284832953,277,0.515972145535121,0,0,0.250718529073056,0,2.22770395415864,0,0
318046.284832953,278,-0.45996392308846,1,1,-1.32800067826319,1,7.41462708900424,0,0
318046.284832953,279,1.90982309032048,1,0,2.27982700121488,1,-2.23429532072414,0,0
318046.284832953,280,-0.169431500203293,1,1,-0.743276538826948,0,4.91224420212247,0,0
318046.284832953,281,-0.599217023297826,1,1,-0.502594957263582,1,6.46165856586763,0,0
318046.284832953,282,-0.380502220948799,1,0,-0.454515732714119,0,4.50117652679345,0,0
318046.284832953,283,0.179009461380611,0,1,-2.06242624897489,1,1.20231800788633,0,0
318046.284832953,284,0.715841293592462,0,1,-0.428745442396977,1,4.99789956133898,0,0
318046.284832953,285,1.47585999691023,1,0,0.709694819921041,1,5.74808639684761,0,0
318046.284832953,286,-0.169618917499684,0,1,-0.668207740599793,0,2.53258913352766,0,0
318046.284832953,287,-1.19696397155227,1,1,-1.17605253458918,0,2.83764678050206,0,0
318046.284832953,288,0.685621965422386,1,1,0.967646056623687,1,2.73753763005461,0,0
318046.284832953,289,0.208538513842983,0,0,0.0679505414061461,0,0.81255122423118,0,0
318046.284832953,290,-0.128976826379904,1,0,0.478189930196064,1,4.15919232123241,0,0
318046.284832953,291,-0.201816994996289,1,1,-0.234299726164421,1,6.52696516225484,0,0
318046.284832953,292,-0.414981196495913,0,1,-0.748754588537738,1,5.35594330106411,0,0
318046.284832953,293,-0.402202347640002,0,1,-0.921528804473808,0,1.30369777252369,0,0
318046.284832953,294,1.89307154123069,0,0,-0.599638871613206,1,4.25054299844414,0,0
318046.284832953,295,2.20065375394701,0,1,-0.425136549332623,1,4.63640575357085,0,0
318046.284832953,296,-0.612269444953391,1,1,-0.295316559379463,1,5.36321206816362,0,0
318046.284832953,297,1.39238195074791,1,1,2.2305336327963,1,-2.00090657780832,0,0
318046.284832953,298,-0.562704790125645,0,1,-2.15176226021335,1,2.62749313825347,0,0
318046.284832953,299,1.16125262455769,0,1,1.11949580146588,0,0.363617016463103,0,0
318046.284832953,300,1.6643773513366,0,0,3.24539854074311,0,-10.2864544543269,0,0
318046.284832953,301,-0.611065201822715,0,1,0.440215886394741,1,3.52924146661335,0,0
318046.284832953,302,-1.01918528556979,1,0,-1.28035922757268,0,1.64043241334721,0,0
318046.284832953,303,-0.790569501243314,1,1,-3.57866022392055,1,-3.51094105106934,0,0
318046.284832953,304,-0.560807153045773,0,0,-1.85603091156387,0,-0.432604464784681,0,0
318046.284832953,305,-1.06568199107627,0,1,1.19438884532135,0,0.0351914563954174,0,0
318046.284832953,306,1.44560002903953,0,1,0.0984695415510687,1,5.16112409144424,0,0
318046.284832953,307,1.34880916428218,0,1,0.486741875868456,1,4.06097015719019,0,0
318046.284832953,308,0.318556167440562,1,0,0.197688068041701,0,1.64715109451585,0,0
318046.284832953,309,1.28882257117722,1,0,3.55028795942819,0,-11.8196359088846,0,0
318046.284832953,310,-0.0396728950688101,0,1,1.04090574896198,0,1.95352027067841,0,0
318046.284832953,311,0.374770441689045,0,0,-0.291812483887602,1,6.1607617828731,0,0
318046.284832953,312,1.26270663786869,0,0,0.308513622133687,1,4.1866357187672,0,0
318046.284832953,313,-0.436007763588302,0,1,0.227009865883031,0,2.76765459123546,0,0
318046.284832953,314,-0.797401932475994,0,1,-1.25909151571001,1,4.29037620702015,0,0
318046.284832953,315,-0.375137754124555,0,1,-0.402426206260632,0,3.55490347834904,0,0
318046.284832953,316,0.351818198183163,1,0,0.227854880327444,1,5.29733324838661,0,0
318046.284832953,317,-0.059070960014461,0,1,0.0207181591508033,0,4.05691423075409,0,0
318046.284832953,318,0.060434197506986,0,0,-1.03490266442075,1,4.43989254808455,0,0
318046.284832953,319,0.578892840983136,0,0,1.94758144566821,1,-0.857285362875895,0,0
318046.284832953,320,1.72656908717825,0,0,2.11677679090655,1,-1.38125575830516,0,0
318046.284832953,321,0.363649399774024,0,0,0.531183981671226,1,5.16868168512134,0,0
318046.284832953,322,0.702080714454599,1,0,0.462900474409046,0,3.85217353563539,0,0
318046.284832953,323,0.103430450904738,0,1,-2.55506056648322,0,-0.0107218007589346,0,0
318046.284832953,324,1.64246463684676,1,0,3.06961605842838,1,-6.0588382269818,0,0
318046.284832953,325,1.03068491952249,0,0,1.49770363301304,1,2.74307398322661,0,0
318046.284832953,326,0.0531270278980163,1,0,-1.17605190318753,1,7.20476472438166,0,0
318046.284832953,327,-1.35577812650153,1,0,-2.0235157573111,1,3.57506648114691,0,0
318046.284832953,328,-1.45014882961231,0,0,-0.906167867308818,1,5.01264969872079,0,0
318046.284832953,329,-0.740295714526213,1,0,-1.49706815812092,0,3.33038606340314,0,0
318046.284832953,330,-1.68499864306344,0,1,-2.65298105059074,1,0.308246521185813,0,0
318046.284832953,331,1.37676984333886,1,1,-0.734428494811192,0,5.17036117894886,0,0
318046.284832953,332,-1.02974831246858,1,1,-1.37636656578257,0,4.76437848236677,0,0
318046.284832953,333,-0.375579687736497,1,1,-0.590223700961936,0,5.57481718429269,0,0
318046.284832953,334,-1.20460851116996,1,1,0.43748358892463,1,6.84147954592811,0,0
318046.284832953,335,-1.42238238530222,0,1,-1.68314151888249,0,2.42023805328651,0,0
318046.284832953,336,0.786292426706287,1,0,2.5530492451088,0,-4.90076301013237,0,0
318046.284832953,337,-0.0915574247328768,0,1,-0.300198234312658,1,3.55762133432272,0,0
318046.284832953,338,-0.946303436903609,0,0,-0.607285456138818,0,3.37037759052631,0,0
318046.284832953,339,-0.646419419265168,1,0,0.803635684959202,0,0.878426412254495,0,0
318046.284832953,340,0.0517590744726721,1,0,0.676518762060019,0,2.07305436350124,0,0
318046.284832953,341,-0.071877264884908,0,1,-1.30974042644302,1,4.84116846222868,0,0
318046.284832953,342,0.966624483613319,0,0,0.438511472138287,1,4.20116503681922,0,0
318046.284832953,343,1.63374678861367,0,1,1.80532631835494,1,0.589947011246932,0,0
318046.284832953,344,0.103800397653789,0,0,-0.160602939951481,1,5.35766871302277,0,0
318046.284832953,345,0.331414158331029,0,1,1.15368140011029,1,2.11625220914326,0,0
318046.284832953,346,-1.45745397932282,1,1,-1.65844558683522,0,4.97608748801904,0,0
318046.284832953,347,0.411973454090396,0,1,0.582444115056942,1,4.63431711721497,0,0
318046.284832953,348,-0.513559804301104,1,1,-0.0976974230430604,1,6.22275218224391,0,0
318046.284832953,349,1.61355959038061,0,0,0.505622359324131,0,2.06782336901876,0,0
318046.284832953,350,0.350086078791736,1,1,0.2414752155584,0,4.05916446082289,0,0
318046.284832953,351,-1.2285241276131,0,1,-0.311221762209158,0,3.71881754150171,0,0
318046.284832953,352,-0.411756128055456,1,1,0.51326180767998,0,3.68143015494562,0,0
318046.284832953,353,0.454814321873117,1,0,-0.563066449421663,1,5.61867770318755,0,0
318046.284832953,354,-0.715108547743443,1,1,0.876197066365273,1,4.44981100293839,0,0
318046.284832953,355,-0.755270021796351,0,0,0.735318206546891,1,3.17292913914946,0,0
318046.284832953,356,-1.69548603859882,1,1,-1.3859995264524,1,7.06598638574569,0,0
318046.284832953,357,0.322047894297289,1,1,0.178964867521968,0,2.37454374697675,0,0
318046.284832953,358,0.870570482592435,1,0,0.621393251793115,0,2.51801149506159,0,0
318046.284832953,359,0.320394443047895,0,1,-0.0806923204234156,1,4.19748558143355,0,0
318046.284832953,360,-0.366158741286703,0,0,0.440153245909945,0,3.05586533880997,0,0
318046.284832953,361,-0.7642514920507,0,1,-1.49608085160629,1,4.0562316975467,0,0
318046.284832953,362,-0.833052543656906,0,0,-1.14140585850262,1,5.13201941275101,0,0
318046.284832953,363,0.226497284529089,0,1,-1.50550594153648,1,2.24064602168905,0,0
318046.284832953,364,-0.505538971657344,0,1,-0.434120836006252,0,2.43813033638716,0,0
318046.284832953,365,0.744894666124578,0,1,0.473494849938907,0,2.35467962510525,0,0
318046.284832953,366,-0.638566647019861,0,1,-1.44042985237215,0,2.58883647784472,0,0
318046.284832953,367,0.426655874066603,1,1,0.149650909513565,1,6.78043547528898,0,0
318046.284832953,368,-1.21654659383416,1,1,-1.75329241716163,1,3.79026540745519,0,0
318046.284832953,369,-0.286717098882068,1,0,0.827715481169435,1,4.39461716410932,0,0
318046.284832953,370,-0.302388767791748,0,1,0.452371767980225,1,4.36290325897116,0,0
318046.284832953,371,-0.406404101296876,0,1,-1.96314540186626,0,0.651633296286101,0,0
318046.284832953,372,-1.4341532342774,1,1,-1.6913766765197,1,6.17214806350987,0,0
318046.284832953,373,1.60038305725549,0,1,2.38414319613868,1,-4.12174801974215,0,0
318046.284832953,374,0.201002539663656,1,1,1.00771154902544,0,3.20431113211155,0,0
318046.284832953,375,0.241164465050564,1,0,0.241998029722606,0,3.01938977576562,0,0
318046.284832953,376,-1.56720507639654,0,1,-1.24594367638537,0,3.89885266718405,0,0
318046.284832953,377,-0.0758208125606247,1,1,-0.212499587774422,0,4.43272960741785,0,0
318046.284832953,378,0.03825613940283,1,0,-2.09311479447345,0,0.65754324082265,0,0
318046.284832953,379,-0.19048256386883,1,1,-2.6542582824722,1,0.675791868708147,0,0
318046.284832953,380,0.35348432648517,0,1,-1.72932425671173,1,3.13991241378829,0,0
318046.284832953,381,0.033898725912694,1,0,1.29738792175134,0,-0.473290449020426,0,0
318046.284832953,382,1.44586288084775,1,0,3.09152010006843,1,-3.39207309235549,0,0
318046.284832953,383,0.095859441380767,0,1,-2.10637800265649,0,0.616249182321666,0,0
318046.284832953,384,-0.606286840993288,1,1,-1.49324727726074,0,4.44837839799933,0,0
318046.284832953,385,0.16122089802977,0,1,-0.404511666296397,1,4.3199915702114,0,0
318046.284832953,386,0.613643125773221,0,0,1.81521126872387,0,-4.86624425280384,0,0
318046.284832953,387,2.04971826457108,1,0,-0.471186432539317,0,5.24253615133174,0,0
318046.284832953,388,-0.245295254194724,0,0,0.390786305409798,1,5.1683550944006,0,0
318046.284832953,389,-1.502942593777,1,1,-0.796584507411408,0,3.77692757947888,0,0
318046.284832953,390,-1.06061862161109,0,1,-1.9973665016083,1,2.49446960325424,0,0
318046.284832953,391,0.158814441397121,0,1,-1.55240885927378,0,0.726647958457538,0,0
318046.284832953,392,-1.84804154372729,0,1,-1.9181914934983,0,1.72813988388286,0,0
318046.284832953,393,-0.125545347893763,0,0,0.036207983052034,1,4.78841290161265,0,0
318046.284832953,394,-1.0575602995345,1,1,-1.82820836540513,1,3.95341001969878,0,0
318046.284832953,395,-1.590644872063,0,0,-1.83228508761286,0,2.08651769557055,0,0
318046.284832953,396,-0.000482084677957334,1,0,0.722560861781764,1,5.98418414567718,0,0
318046.284832953,397,0.582486883406701,0,0,0.928732652387603,0,1.78436757978387,0,0
318046.284832953,398,1.18297026414575,0,0,1.15797384340263,1,1.98183698118445,0,0
318046.284832953,399,-0.603695343835384,1,0,-0.678207536957038,0,4.98223952132479,0,0
318046.284832953,400,1.77175538302189,0,0,-0.664483887206345,1,4.46071972436403,0,0
318046.284832953,401,0.401627152115239,0,0,1.20593236533982,1,2.5538082157361,0,0
318046.284832953,402,0.389866174780865,1,1,0.322043647482737,0,5.37478501095683,0,0
318046.284832953,403,-0.690152011563866,0,1,-1.63627696655834,1,4.26589984406636,0,0
318046.284832953,404,-0.955299582935714,0,0,-1.0072022766467,1,4.84226879146254,0,0
318046.284832953,405,0.165535648118325,1,0,1.39671841582875,0,-0.19141356957649,0,0
318046.284832953,406,-0.575271588414204,1,0,0.934163640713273,0,0.704928021209657,0,0
318046.284832953,407,1.06856159884417,0,1,0.133849312819212,0,2.67292506565549,0,0
318046.284832953,408,0.336557339289983,0,1,-1.20810956864967,1,5.03489288603607,0,0
318046.284832953,409,0.130613013394066,1,1,-1.95176501886069,0,1.83134362431046,0,0
318046.284832953,410,0.467258784565247,0,1,0.900127861328343,0,2.96560731893751,0,0
318046.284832953,411,0.166690606540146,0,1,-1.09359291327521,0,3.27542746201089,0,0
318046.284832953,412,0.65754481080164,1,0,1.3328234099982,0,0.335126318904746,0,0
318046.284832953,413,-0.125830093729609,0,0,-0.478960470788158,0,3.91290443824796,0,0
318046.284832953,414,1.15908843756747,0,0,2.96997341824376,1,-6.07603599051868,0,0
318046.284832953,415,-0.304556392381961,1,1,-0.767328659450756,0,4.69565035059232,0,0
318046.284832953,416,-0.333422599606167,0,0,0.236708994487948,1,5.12961895133161,0,0
318046.284832953,417,-0.141952176306003,0,1,0.0763687346049111,1,4.45245291328769,0,0
318046.284832953,418,2.41878162477771,0,0,1.53433037492471,0,-0.141778636680749,0,0
318046.284832953,419,-0.236811117942548,1,0,-2.54574892285161,0,0.299923676117804,0,0
318046.284832953,420,0.125158255421451,1,0,-0.110903365171097,0,3.65282320245734,0,0
318046.284832953,421,-0.435439358451817,0,0,-1.35906213322701,1,5.7015671769156,0,0
318046.284832953,422,-0.78607013120773,1,1,-1.04112226078117,0,4.39334532552351,0,0
318046.284832953,423,-0.404701470559611,0,0,-0.00907617631618107,1,4.48052890487994,0,0
318046.284832953,424,-0.21175007971099,1,0,0.813261217202407,0,1.579297998984,0,0
318046.284832953,425,-0.33836149713213,1,1,-1.06300804754559,1,2.82211358749456,0,0
318046.284832953,426,0.213980257435699,0,0,1.37532832558456,0,-0.0434079784909401,0,0
318046.284832953,427,0.747756962680518,0,1,0.336709102435967,1,3.7986811049517,0,0
318046.284832953,428,-0.055365236216294,0,1,-0.768636869823185,1,6.06049973053961,0,0
318046.284832953,429,0.102004121813811,0,1,-1.44427880225425,0,3.8423020521098,0,0
318046.284832953,430,2.24254507894655,0,1,-0.784605825429406,1,6.66432103879467,0,0
318046.284832953,431,-0.108659444289721,0,1,-3.04750252538829,0,-1.53242346727632,0,0
318046.284832953,432,-1.39786410468101,0,1,-3.35713288456364,1,-3.71107408205755,0,0
318046.284832953,433,-0.477121718828114,1,1,-1.2625677683496,1,5.20303870116968,0,0
318046.284832953,434,-0.289423901059929,0,0,-0.102080592584,1,6.05611371650205,0,0
318046.284832953,435,-0.783383965750207,0,0,1.40194597664853,1,0.915822520779412,0,0
318046.284832953,436,1.17884677018861,0,0,-0.54502424961132,1,4.11810213740076,0,0
318046.284832953,437,-1.56136067065637,1,1,-1.43735830858961,0,2.90728709204034,0,0
318046.284832953,438,0.672390172130704,1,0,1.58295232620314,1,3.06906991899451,0,0
318046.284832953,439,-1.18321303653451,1,1,-0.307010683005845,1,6.26621805583773,0,0
318046.284832953,440,-1.32045235332713,0,0,-2.19807818607062,1,1.67293335081256,0,0
318046.284832953,441,1.29557100322992,1,0,2.91634513093649,1,-6.5096912365223,0,0
318046.284832953,442,2.30471451566229,1,0,2.82792834292471,0,-6.80197642684823,0,0
318046.284832953,443,1.593709619565,1,1,0.774298862512492,0,4.19134643809798,0,0
318046.284832953,444,0.501998297294043,0,1,0.608448600769206,0,1.91128429270736,0,0
318046.284832953,445,-0.0395206295131795,0,0,-0.0737282584681048,0,3.29968269101428,0,0
318046.284832953,446,-1.79700083944726,0,1,-1.50485598300999,0,3.52040717442203,0,0
318046.284832953,447,0.377203843849712,0,0,1.58288882852744,0,-1.16246508499405,0,0
318046.284832953,448,-0.223417357100455,0,1,-2.69533876899281,1,0.675802958278455,0,0
318046.284832953,449,0.485559719663094,1,1,-0.68756594507431,0,4.92349106469027,0,0
318046.284832953,450,-0.921606806906234,1,1,-1.29025960496907,1,4.6391982657958,0,0
318046.284832953,451,0.48950485885195,0,0,0.897866305619164,0,-1.0572964283004,0,0
318046.284832953,452,-0.101425082286546,1,0,0.679399282969885,0,2.77274665402517,0,0
318046.284832953,453,-0.346214153298292,0,1,-1.47698946227791,0,3.33298450423118,0,0
318046.284832953,454,-0.415262724176714,0,1,0.695478043377198,0,3.43961640336448,0,0
318046.284832953,455,-0.923035336284206,1,0,-0.830842173636247,0,4.00172341664486,0,0
318046.284832953,456,-1.29863976509543,0,1,-1.14249230533018,0,2.07972138765094,0,0
318046.284832953,457,-1.02764274307235,0,1,-1.64895298108922,0,3.57859587247401,0,0
318046.284832953,458,0.146073848731919,1,1,0.571479105903225,1,4.26660369807239,0,0
318046.284832953,459,-0.459076735927476,0,0,0.0200121613952515,1,4.41770226049042,0,0
318046.284832953,460,0.308759773245866,0,0,1.48482378801722,1,0.0326040645868879,0,0
318046.284832953,461,2.7975862502674,1,0,0.389981178816255,1,6.85059494537625,0,0
318046.284832953,462,-1.01867929590443,0,0,-1.46234042633608,0,2.02739777450074,0,0
318046.284832953,463,-0.123661483109822,0,1,-0.688862792754021,0,5.66033617531135,0,0
318046.284832953,464,-0.411096460800557,1,1,0.233581352357136,1,5.93578759704671,0,0
318046.284832953,465,0.281775790512678,0,1,-0.781657538366326,0,3.69332390465242,0,0
318046.284832953,466,0.980667702645601,0,1,0.344961581353501,1,5.0840981106173,0,0
318046.284832953,467,-1.32187401612999,0,1,0.13086741261056,0,4.98087158677949,0,0
318046.284832953,468,-0.427404527942653,0,1,0.576876911607222,0,4.05819448500291,0,0
318046.284832953,469,-1.2954160584801,0,0,-0.639777511459016,0,3.00738880713858,0,0
318046.284832953,470,0.547565633121282,0,1,-1.21421639921632,1,5.86417132049656,0,0
318046.284832953,471,-1.1286895945685,1,0,0.785383618777364,1,2.68702263987264,0,0
318046.284832953,472,0.883462545388847,1,1,2.22137778306361,1,-1.68754602151607,0,0
318046.284832953,473,1.24764038932215,0,1,0.292628595380081,1,2.98372327884409,0,0
318046.284832953,474,0.157412462829568,0,1,-0.612846973552363,0,3.41830852915746,0,0
318046.284832953,475,-0.617497319170622,0,1,0.061673238281496,1,5.23874674734931,0,0
318046.284832953,476,0.32552138220337,0,1,0.309571727446028,0,4.31228767261963,0,0
318046.284832953,477,-0.996859566208508,0,0,-0.477119587464011,0,4.96681636570154,0,0
318046.284832953,478,-0.134042639819808,1,1,0.750958359003422,1,2.67947938818153,0,0
318046.284832953,479,-0.639222490929862,0,1,0.231845080355611,1,3.00228881107208,0,0
318046.284832953,480,0.473510370907908,1,1,0.98515933731557,0,1.58418164388564,0,0
318046.284832953,481,0.781007056610789,0,1,0.156941884939516,1,3.73665780984729,0,0
318046.284832953,482,-0.216258119857426,0,1,-0.668622325706159,1,4.05608695079965,0,0
318046.284832953,483,-0.506628868782649,0,0,0.318158117532235,1,4.4781486463327,0,0
318046.284832953,484,1.61846065118219,0,1,-1.67173031236254,1,2.83768625406736,0,0
318046.284832953,485,1.36480907831478,1,1,2.13702077382841,0,-1.28768629294605,0,0
318046.284832953,486,-1.55073848242418,1,1,-1.36345827462392,1,3.91518717826486,0,0
318046.284832953,487,-1.30567050498474,0,1,-0.233640224275377,0,4.84559890162306,0,0
318046.284832953,488,0.879205374434659,1,0,1.36568804224817,0,1.82249302238977,0,0
318046.284832953,489,-0.858957252459268,0,1,-1.84046562098057,0,1.79629121917057,0,0
318046.284832953,490,1.00632183927214,1,1,0.500779982578256,1,5.40531620921478,0,0
318046.284832953,491,0.966054039812792,0,0,1.43846131545667,1,-0.541678687016655,0,0
318046.284832953,492,-0.903380095030306,1,0,-1.50042180233834,0,2.70741985261558,0,0
318046.284832953,493,-0.403163989009285,1,1,-1.29958074179567,0,5.83875541346615,0,0
318046.284832953,494,1.38057910303419,1,0,2.01837907586519,1,0.863379293633995,0,0
318046.284832953,495,-1.25549578799231,1,1,-0.94119399495292,0,4.40112679192315,0,0
318046.284832953,496,0.199162260250401,1,1,0.859164578422658,0,3.3425058823588,0,0
318046.284832953,497,-1.26656509001997,1,0,1.16389028320166,0,1.82865246204043,0,0
318046.284832953,498,-0.810781086574204,0,1,-2.18505443408936,0,1.06961493884802,0,0
318046.284832953,499,-1.00015562769533,0,1,-1.15034628606416,1,2.21677801116399,0,0
318046.284832953,500,-0.769370434374086,0,0,-0.220966649515894,0,3.0241417889783,0,0
318046.284832953,501,-0.435854501642745,0,0,0.0226923948326256,0,2.17528185002061,0,0
318046.284832953,502,0.387673962230267,1,0,0.443779160556566,0,3.17276302338219,0,0
318046.284832953,503,-0.0831883508055358,1,1,-0.507133071801306,0,4.63532721380455,0,0
318046.284832953,504,0.872867531010244,0,1,-0.0651125020456098,1,3.24533987933831,0,0
318046.284832953,505,-2.44153724453342,1,1,-4.81614849202136,0,-12.6712436806677,0,0
318046.284832953,506,0.582143438937039,1,1,0.48731031129783,1,4.53969342253838,0,0
318046.284832953,507,-0.528363403060243,0,1,-1.55361038274105,1,2.56486734520549,0,0
318046.284832953,508,1.14203446810532,0,0,-0.0500454196788771,1,4.30292782672841,0,0
318046.284832953,509,1.28704508579308,0,1,1.40274653657734,1,0.517400759474642,0,0
318046.284832953,510,0.300048679212189,0,0,0.493389066736689,0,1.05379725489546,0,0
318046.284832953,511,1.44886262743256,0,0,0.69649483759629,1,5.22175831576599,0,0
318046.284832953,512,-0.0273936905420371,1,0,-0.0314569943199384,0,3.28513422202414,0,0
318046.284832953,513,1.70694790543317,1,0,1.63337790786443,1,2.78980617057141,0,0
318046.284832953,514,-0.52116359699011,1,0,0.805934139444628,0,1.82283324108855,0,0
318046.284832953,515,0.938969394079761,0,0,-0.950502350606384,0,1.46894059682804,0,0
318046.284832953,516,-0.694685341112043,1,0,-0.708468234664714,0,2.7823102648768,0,0
318046.284832953,517,0.759243680586082,0,0,0.494491360762336,1,4.34579084949962,0,0
318046.284832953,518,-0.754925725574737,1,1,-1.47708285300314,0,5.47046126611556,0,0
318046.284832953,519,0.571395446815518,0,1,2.55270560948899,0,-6.82147958931139,0,0
318046.284832953,520,0.702897560694986,0,1,-0.0544037121110575,1,4.5073524877757,0,0
318046.284832953,521,-0.0545737211256776,0,0,0.301514577010943,0,4.17938136668849,0,0
318046.284832953,522,1.1876888198688,0,0,-0.184133635097786,1,6.40516565344937,0,0
318046.284832953,523,1.04523256844667,0,0,2.24926957157802,0,-3.94559222627533,0,0
318046.284832953,524,0.29033309856262,0,1,-0.343743024889979,0,4.94907205928806,0,0
318046.284832953,525,-0.678443712744892,0,0,-0.513466220578589,0,3.79005347969224,0,0
318046.284832953,526,1.16905565686069,0,0,1.54610788150427,1,1.42669444202208,0,0
318046.284832953,527,-0.472602097339671,0,1,-0.103346078765927,0,1.73550823756084,0,0
318046.284832953,528,1.1344360630978,0,1,-1.53315509093943,1,3.22159337850171,0,0
318046.284832953,529,-0.0520300940648582,0,1,-0.805096410363269,0,3.45548753309595,0,0
318046.284832953,530,-0.170118707549156,0,1,1.60700254226899,1,-0.530722933655603,0,0
318046.284832953,531,-0.305432331782422,0,1,-1.39746919708105,1,2.95749457377638,0,0
318046.284832953,532,-0.513753011559207,0,0,-1.02578729658086,1,4.75424110217161,0,0
318046.284832953,533,-0.357882843676872,0,1,-1.72902846106632,0,3.87172120582292,0,0
318046.284832953,534,-1.35401416967156,1,1,-1.96340530386321,0,2.44760043614343,0,0
318046.284832953,535,0.118981197275383,1,0,-0.977383083477192,1,5.06947737638022,0,0
318046.284832953,536,1.2913263810305,0,0,0.913450897375218,1,2.43945967279846,0,0
318046.284832953,537,-0.448233777217091,0,0,0.857693195503394,0,3.05825338396058,0,0
318046.284832953,538,0.808768054991408,1,0,0.362379376353499,0,3.3649595434293,0,0
318046.284832953,539,-1.53446772577128,1,1,-2.33107369486299,1,2.52439705201481,0,0
318046.284832953,540,-1.63546933214462,0,1,-0.507883495381334,1,5.88828557136424,0,0
318046.284832953,541,-0.592540158521268,0,0,-0.629414892493854,0,3.84520366154514,0,0
318046.284832953,542,0.19586868162896,1,0,0.870446629448861,0,2.84488190673646,0,0
318046.284832953,543,-0.781665177825928,1,1,-0.491412306239659,0,6.30098505791174,0,0
318046.284832953,544,1.75281607105531,0,1,0.0573837619021972,0,3.18665120672547,0,0
318046.284832953,545,0.551394987255524,0,0,0.827272029503943,1,3.62249491771755,0,0
318046.284832953,546,-0.346223387710651,1,0,-0.259962458753917,1,7.35101565523089,0,0
318046.284832953,547,1.29666534818916,0,0,0.611520837294485,1,5.37080278166237,0,0
318046.284832953,548,0.484285569601128,0,1,-0.573526188090562,1,5.31300871379626,0,0
318046.284832953,549,-0.613689798928532,1,0,-1.15034768498809,0,4.21074729984566,0,0
318046.284832953,550,0.402105203386998,1,0,0.410748137251583,0,3.71555675030421,0,0
318046.284832953,551,-1.16461987325605,0,1,-2.07555164179557,1,3.64888958612408,0,0
318046.284832953,552,0.954037115596307,1,0,2.35764381116002,0,-4.84112581824012,0,0
318046.284832953,553,1.49667731472012,1,0,1.48574209459998,0,2.57855677951426,0,0
318046.284832953,554,-0.235484543284215,0,1,1.24303756598852,1,3.77219074608717,0,0
318046.284832953,555,0.153424728838235,1,0,1.29660607624293,0,0.883709902960033,0,0
318046.284832953,556,-0.56166088916527,0,0,-1.17449412050982,0,3.53910079791532,0,0
318046.284832953,557,0.37432101929658,0,1,-0.127294084740915,1,4.08045960932554,0,0
318046.284832953,558,0.272636111160405,0,0,-1.15073657583177,1,4.92392525600753,0,0
318046.284832953,559,0.133783471885204,1,1,0.591092162493015,1,5.08855787356395,0,0
318046.284832953,560,0.376562279936756,1,0,-0.3087542255931,0,3.47898801517541,0,0
318046.284832953,561,-1.57769826863405,1,1,-1.79798801676147,1,4.08902781931646,0,0
318046.284832953,562,0.198758718843587,0,1,-1.66042961550662,0,2.0823408850892,0,0
318046.284832953,563,-0.890143855930661,0,1,-1.19466077502985,1,5.21125249757353,0,0
318046.284832953,564,-0.331038814619738,0,1,-2.34668473084161,1,-0.139336784651424,0,0
318046.284832953,565,-0.268007685128645,1,1,0.0939040555816499,1,4.64898963649266,0,0
318046.284832953,566,-0.219552977655335,0,1,-0.281636385169186,1,3.76010847214462,0,0
318046.284832953,567,0.273258131673492,0,1,-0.636212981784374,0,4.25560298375241,0,0
318046.284832953,568,-0.285709031290846,0,1,1.25435215220682,1,0.522553595621038,0,0
318046.284832953,569,-0.0102268251606614,1,1,-1.35420787546407,1,5.73542863617792,0,0
318046.284832953,570,0.247377050937272,0,0,-0.685071648036656,0,3.59127084029221,0,0
318046.284832953,571,2.02254943754948,0,0,1.50123739486285,0,-0.00728589005615787,0,0
318046.284832953,572,0.499971725640483,1,0,-0.548443179051673,1,6.74584055739664,0,0
318046.284832953,573,0.820791636632604,0,0,0.29767225545026,1,5.45388106012669,0,0
318046.284832953,574,-0.272287929819198,1,1,-0.0066927188161906,1,4.68025133165699,0,0
318046.284832953,575,0.0770287478580612,0,1,-1.33681880162447,0,3.1306535543162,0,0
318046.284832953,576,2.33446488777815,0,0,0.723803019388692,0,1.15313139273538,0,0
318046.284832953,577,1.59326606306392,1,1,1.31634769326939,1,3.72202557976168,0,0
318046.284832953,578,-0.617120663551895,1,0,1.68395986779757,0,-1.45869006821278,0,0
318046.284832953,579,0.134852138258271,0,1,-1.86816309583056,1,1.40668236052796,0,0
318046.284832953,580,-1.75162279815442,0,1,-0.987912588963026,0,2.43950145561187,0,0
318046.284832953,581,1.60149145113494,0,1,0.558710849820723,1,3.07524868967165,0,0
318046.284832953,582,0.641190096726922,0,1,-0.357755398756543,1,4.69016885683518,0,0
318046.284832953,583,1.26131321529951,0,0,1.61279778594752,0,0.196453217048062,0,0
318046.284832953,584,-0.465990271540676,0,1,-1.89558151661646,0,1.11348790284577,0,0
318046.284832953,585,1.04822867963771,1,0,1.8888072435484,1,0.724091688684083,0,0
318046.284832953,586,0.499541016159214,0,0,0.144880623564937,1,4.35486744081581,0,0
318046.284832953,587,-0.064761582470127,1,0,0.147215449901797,1,6.72379211856478,0,0
318046.284832953,588,-1.78327694504509,0,0,-1.37200656270171,0,1.33289958011565,0,0
318046.284832953,589,-1.43001091898615,1,1,-0.758159494312691,0,4.18176859924767,0,0
318046.284832953,590,-1.26530102218614,0,1,-1.30138677534811,1,6.41469745513608,0,0
318046.284832953,591,0.743049012971236,0,1,0.101685823239128,1,4.01260466021336,0,0
318046.284832953,592,-0.0732664480593529,0,1,-0.501417654176829,1,4.97051215431467,0,0
318046.284832953,593,1.00546918657343,0,0,2.004105885102,1,-1.42531101615346,0,0
318046.284832953,594,-0.184598999812359,0,0,-0.736907092093212,0,3.17883887557874,0,0
318046.284832953,595,1.81960448274272,0,0,2.8030015638882,1,-5.4825718911683,0,0
318046.284832953,596,-0.646578838453361,1,0,-0.578728104961311,0,3.20524836966578,0,0
318046.284832953,597,1.54417219688851,0,0,-0.510784739587011,1,4.48969495337656,0,0
318046.284832953,598,1.13384742287108,0,1,0.636639768532716,1,2.49794330515906,0,0
318046.284832953,599,-1.00505948212465,0,1,-0.421810690741316,0,3.31871041564454,0,0
318046.284832953,600,-1.01130652498432,1,1,1.03960364597554,1,3.01667007035218,0,0
